"El Watan"	"United States of America"	"299"
"El Watan"	"France"	"245"
"El Watan"	"Syria"	"189"
"El Watan"	"Algeria"	"135"
"El Watan"	"Tunisia"	"132"
"El Watan"	"Morocco"	"128"
"El Watan"	"Iran"	"126"
"El Watan"	"Libya"	"121"
"El Watan"	"Israel"	"117"
"El Watan"	"Turkey"	"114"
"El Watan"	"Saudi Arabia"	"92"
"El Watan"	"Iraq"	"81"
"El Watan"	"Switzerland"	"74"
"El Watan"	"Yemen"	"66"
"El Watan"	"United Kingdom"	"64"
"El Watan"	"Egypt"	"63"
"El Watan"	"Western Sahara"	"58"
"El Watan"	"Germany"	"58"
"El Watan"	"North Korea"	"54"
"El Watan"	"Italy"	"54"
"El Watan"	"Lebanon"	"53"
"El Watan"	"China"	"48"
"El Watan"	"Japan"	"46"
"El Watan"	"Belgium"	"39"
"El Watan"	"Jordan"	"38"
"El Watan"	"Spain"	"36"
"El Watan"	"Kazakhstan"	"33"
"El Watan"	"South Korea"	"31"
"El Watan"	"Sudan"	"22"
"El Watan"	"Vatican"	"22"
"El Watan"	"Afghanistan"	"21"
"El Watan"	"Chad"	"20"
"El Watan"	"Norway"	"19"
"El Watan"	"Pakistan"	"19"
"El Watan"	"Senegal"	"19"
"El Watan"	"United Arab Emirates"	"18"
"El Watan"	"Oman"	"17"
"El Watan"	"Mauritania"	"16"
"El Watan"	"Niger"	"16"
"El Watan"	"Greece"	"15"
"El Watan"	"India"	"15"
"El Watan"	"Sweden"	"15"
"El Watan"	"Angola"	"14"
"El Watan"	"Rwanda"	"14"
"El Watan"	"Mali"	"14"
"El Watan"	"Brazil"	"13"
"El Watan"	"Qatar"	"12"
"El Watan"	"Ukraine"	"12"
"El Watan"	"Canada"	"12"
"El Watan"	"Burkina Faso"	"12"
"El Watan"	"Venezuela"	"11"
"El Watan"	"Congo"	"10"
"El Watan"	"Bulgaria"	"10"
"El Watan"	"Armenia"	"10"
"El Watan"	"Indonesia"	"9"
"El Watan"	"Belarus"	"8"
"El Watan"	"Uruguay"	"8"
"El Watan"	"Philippines"	"8"
"El Watan"	"Argentina"	"8"
"El Watan"	"Somalia"	"8"
"El Watan"	"Portugal"	"8"
"El Watan"	"Cuba"	"8"
"El Watan"	"Poland"	"8"
"El Watan"	"Eritrea"	"7"
"El Watan"	"South Africa"	"7"
"El Watan"	"Denmark"	"7"
"El Watan"	"Australia"	"7"
"El Watan"	"Cyprus"	"7"
"El Watan"	"Marshall Islands"	"6"
"El Watan"	"Nigeria"	"6"
"El Watan"	"Vietnam"	"6"
"El Watan"	"Mexico"	"6"
"El Watan"	"Kenya"	"5"
"El Watan"	"Panama"	"5"
"El Watan"	"Zambia"	"5"
"El Watan"	"Nicaragua"	"5"
"El Watan"	"Burundi"	"5"
"El Watan"	"Benin"	"5"
"El Watan"	"New Zealand"	"5"
"El Watan"	"Namibia"	"5"
"El Watan"	"Bangladesh"	"5"
"El Watan"	"Kuwait"	"4"
"El Watan"	"Bahrain"	"4"
"El Watan"	"Mozambique"	"4"
"El Watan"	"Saint Vincent and the Grenadines"	"4"
"El Watan"	"Gabon"	"3"
"El Watan"	"Central African Republic"	"2"
"El Watan"	"Uganda"	"1"
"El Watan"	"Togo"	"1"
"El Watan"	"Sierra Leone"	"1"
"El Watan"	"Liberia"	"1"
"El Watan"	"Guinea-Bissau"	"1"
"El Watan"	"Gambia"	"1"
"El Watan"	"Guinea"	"1"
"El Watan"	"Ghana"	"1"
